{"cameraMode":{"drawMode":0,"name":"Shaded","section":"Shading Mode"},"sceneLighting":true,"audioPlay":false,"sceneViewState":{"showFog":true,"showMaterialUpdate":false,"showSkybox":true,"showFlares":true,"showImageEffects":true,"showParticleSystems":true},"in2DMode":false,"pivot":{"x":-3.1058754920959474,"y":-1.150383472442627,"z":6.0357441902160648},"rotation":{"x":0.18479084968566895,"y":-0.29973313212394717,"z":0.05929587036371231,"w":0.9340837001800537},"size":4.849734306335449,"orthographic":false}